Timestamp,Message
2025-04-03 09:53:25,Musab accessed Main Door
2025-04-03 09:53:27,Musab accessed Storage Room
2025-04-03 09:53:30,Musab accessed Back Door
2025-04-03 09:53:33,Musab accessed Window 1
2025-04-03 10:03:32,Musab accessed Main Door
2025-04-03 10:23:00,admin1 accessed Storage Room
2025-04-03 10:23:02,admin1 accessed Hallway
2025-04-13 10:32:17,musab accessed Main Door
2025-04-13 10:53:18,Musab accessed Main Door
2025-04-13 11:01:31,Musab accessed Hallway
2025-04-13 11:01:33,Musab accessed Window 1
2025-04-13 11:01:34,Musab accessed Main Door
